{
  "accountIdentifiers": [
    {
      "key": "msisdn",
      "value": "+33555123456"
    }
  ],
  "identity": [
    {
      "identityId": "string",
      "identityType": "individual",
      "identityStatus": "string",
      "identityKyc": {
        "birthCountry": "AD",
        "contactPhone": "string",
        "dateOfBirth": "2000-11-20",
        "emailAddress": "string",
        "employerName": "string",
        "gender": "m",
        "idDocument": [
          {
            "idType": "passport",
            "idNumber": "string",
            "issueDate": "2018-11-20",
            "expiryDate": "2018-11-20",
            "issuer": "string",
            "issuerPlace": "string",
            "issuerCountry": "AD",
            "otherIddescription": "string"
          }
        ],
        "nationality": "AD",
        "occupation": "string",
        "postalAddress": {
          "addressLine1": "string",
          "addressLine2": "string",
          "addressLine3": "string",
          "city": "string",
          "stateProvince": "string",
          "postalCode": "string",
          "country": "AD"
        },
        "subjectName": {
          "title": "string",
          "firstName": "string",
          "middleName": "string",
          "lastName": "string",
          "fullName": "string",
          "nativeName": "string"
        }
      },
      "accountRelationship": "accountholder",
      "kycVerificationStatus": "verified",
      "kycVerificationEntity": "string",
      "kycLevel": "1",
      "customData": [
        {
          "key": "string",
          "value": "string"
        }
      ]
    }
  ],
  "accountType": "string",
  "accountStatus": "available",
  "accountSubStatus": "string",
  "currentBalance": "15.00",
  "availableBalance": "15.00",
  "reservedBalance": "15.00",
  "unclearedBalance": "15.00",
  "currency": "RWF",
  "fees": [
    {
      "feeType": "string",
      "feeAmount": "5.46",
      "feeCurrency": "AED"
    }
  ],
  "commissionEarned": [
    {
      "commissionType": "string",
      "commissionAmount": "5.46",
      "commissionCurrency": "AED"
    }
  ],
  "registeringEntity": "string",
  "creationDate": "2022-01-04T11:53:08.097Z",
  "modificationDate": "2022-01-04T11:53:08.097Z",
  "requestDate": "2022-01-04T11:53:08.097Z",
  "customData": [
    {
      "key": "string",
      "value": "string"
    }
  ]
}