{
  "linkReference": "string",
  "sourceAccountIdentifiers": [
    {
      "key": "msisdn",
      "value": "+33555123456"
    }
  ],
  "mode": "push",
  "status": "active",
  "requestingOrganisation": {
    "requestingOrganisationIdentifierType": "lei",
    "requestingOrganisationIdentifier": "string"
  },
  "creationDate": "2022-01-04T11:48:48.801Z",
  "modificationDate": "2022-01-04T11:48:48.801Z",
  "requestDate": "2022-01-04T11:48:48.801Z",
  "customData": [
    {
      "key": "string",
      "value": "string"
    }
  ]
}